<?xml version="1.0" encoding="UTF-8"?>
<project-private xmlns="http://www.netbeans.org/ns/project-private/1">
    <editor-bookmarks xmlns="http://www.netbeans.org/ns/editor-bookmarks/2" lastBookmarkId="0"/>
    <open-files xmlns="http://www.netbeans.org/ns/projectui-open-files/2">
        <group>
            <file>file:/C:/Users/Student/Documents/NetBeansProjectse/Supermarket/src/Supermarket/Item_Price.java</file>
            <file>file:/C:/Users/Student/Documents/NetBeansProjectse/Supermarket/src/Supermarket/Status.java</file>
            <file>file:/C:/Users/Student/Documents/NetBeansProjectse/Supermarket/src/Supermarket/Manager.java</file>
            <file>file:/C:/Users/Student/Documents/NetBeansProjectse/Supermarket/src/Supermarket/Supplier.java</file>
            <file>file:/C:/Users/Student/Documents/NetBeansProjectse/Supermarket/src/Supermarket/Store.java</file>
            <file>file:/C:/Users/Student/Documents/NetBeansProjectse/Supermarket/src/Supermarket/Welcome.java</file>
            <file>file:/C:/Users/Student/Documents/NetBeansProjectse/Supermarket/src/Supermarket/itemType.java</file>
            <file>file:/C:/Users/Student/Documents/NetBeansProjectse/Supermarket/src/Supermarket/Register.java</file>
            <file>file:/C:/Users/Student/Documents/NetBeansProjectse/Supermarket/src/Supermarket/Customer.java</file>
            <file>file:/C:/Users/Student/Documents/NetBeansProjectse/Supermarket/src/Supermarket/Order.java</file>
            <file>file:/C:/Users/Student/Documents/NetBeansProjectse/Supermarket/src/Supermarket/Salary.java</file>
            <file>file:/C:/Users/Student/Documents/NetBeansProjectse/Supermarket/src/Supermarket/login.java</file>
            <file>file:/C:/Users/Student/Documents/NetBeansProjectse/Supermarket/src/Supermarket/Employee.java</file>
            <file>file:/C:/Users/Student/Documents/NetBeansProjectse/Supermarket/src/Supermarket/item.java</file>
            <file>file:/C:/Users/Student/Documents/NetBeansProjectse/Supermarket/src/Supermarket/Equipment.java</file>
        </group>
    </open-files>
</project-private>
